<?xml version="1.0" encoding="UTF-8"?>
<beans xmlns="http://www.springframework.org/schema/beans"
	xmlns:xsi="http://www.w3.org/2001/XMLSchema-instance" xmlns:p="http://www.springframework.org/schema/p"
	xmlns:context="http://www.springframework.org/schema/context"
	xmlns:mvc="http://www.springframework.org/schema/mvc"
	xsi:schemaLocation="http://www.springframework.org/schema/beans http://www.springframework.org/schema/beans/spring-beans-4.0.xsd
        http://www.springframework.org/schema/mvc http://www.springframework.org/schema/mvc/spring-mvc-4.0.xsd
        http://www.springframework.org/schema/context http://www.springframework.org/schema/context/spring-context-4.0.xsd">
	<!-- 配置Controller扫描 -->
	<context:component-scan base-package="com.hotel.controller" />

	<!-- 配置注解驱动 -->
	<mvc:annotation-driven />
	<mvc:default-servlet-handler />

	<mvc:resources location="/WEB-INF/views/static/" mapping="/css/**"/>
	<mvc:resources location="/WEB-INF/views/static/" mapping="/js/**"/>
	<mvc:resources location="/WEB-INF/views/static/" mapping="/img/**"/>

	<mvc:resources location="/static/" mapping="/css/**"/>
	<mvc:resources location="/static/" mapping="/js/**"/>
	<mvc:resources location="/static/" mapping="/img/**"/>

	<mvc:resources location="/WEB-INF/views/" mapping="/views/**"/>

	<!-- 配置视图解析器 -->
	<bean	class="org.springframework.web.servlet.view.InternalResourceViewResolver">
		<!-- 前缀 -->
		<property name="prefix" value="/WEB-INF/views/" />
		<!-- 后缀 -->
		<property name="suffix" value=".jsp" />
	</bean>

	<!--配置文件上传解析器-->
	<bean id="multipartResolver" class="org.springframework.web.multipart.commons.CommonsMultipartResolver">
		<property name="maxUploadSize" value="10485760"/>
		<property name="defaultEncoding" value="utf-8"/>
	</bean>
</beans>
